normalised_time (min),dlprbUsage
0,26.782500000000002
5,30.134999999999998
10,30.487500000000004
15,30.284999999999997
20,28.672499999999996
25,26.932499999999997
30,26.97
35,27.54
40,26.9625
45,25.3275
50,23.1675
55,20.092499999999998
60,19.305000000000003
65,23.28
70,24.2925
75,27.5025
80,26.7075
85,26.235000000000003
90,27.045
95,28.402500000000003
100,28.845
105,29.287499999999998
110,30.96
115,27.900000000000002
120,29.429999999999996
125,28.08
130,28.605
135,27.5625
140,27.869999999999997
145,28.484999999999996
150,29.212500000000002
155,29.805
160,29.137499999999996
165,29.384999999999994
170,27.96
175,26.797499999999996
180,27.9825
185,30.060000000000006
190,29.137500000000003
195,28.1325
200,27.367499999999996
205,26.0925
210,24.795
215,23.3775
220,22.544999999999998
225,23.25
230,23.805000000000003
235,23.535000000000004
240,24.6075
245,25.1475
250,27.119999999999997
255,27.2925
260,28.9575
265,30.165000000000003
270,32.535000000000004
275,32.5125
280,32.5275
285,31.762499999999996
290,30.9825
295,29.827499999999997
300,27.525000000000002
305,29.130000000000003
310,28.432499999999997
315,27.389999999999997
320,25.155
325,25.215000000000003
330,24.869999999999997
335,25.3275
340,27.817500000000003
345,32.94
350,36.03
355,37.49999999999999
360,43.1025
365,47.5575
370,58.335
375,61.875
380,66.825
385,70.575
390,71.13749999999999
395,69.9525
400,67.8825
405,66.0075
410,63.87
415,66.6
420,58.657500000000006
425,63.067499999999995
430,65.65500000000002
435,66.77250000000001
440,72.4875
445,78.63
450,81.435
455,83.0025
460,80.09249999999999
465,74.415
470,73.7325
475,66.6525
480,59.3775
485,56.625
490,52.67999999999999
495,47.58
500,50.25
505,55.1025
510,59.3775
515,61.417500000000004
520,66.195
525,69.92249999999999
530,69.27749999999999
535,70.575
540,69.86999999999999
545,70.215
550,68.90249999999999
555,66.9
560,65.1075
565,64.5675
570,60.705
575,57.89999999999999
580,61.290000000000006
585,60.75
590,59.677499999999995
595,57.89999999999999
600,54.74250000000001
605,51.3975
610,49.019999999999996
615,47.595
620,46.035
625,43.4175
630,38.970000000000006
635,36.2325
640,33.419999999999995
645,30.78
650,28.162499999999998
655,27.2175
660,27.5175
665,25.702500000000004
670,24.952500000000004
675,25.447499999999998
680,27.412499999999998
685,26.782500000000002
690,26.692500000000003
695,26.587500000000002
700,26.505000000000003
705,25.0875
710,23.4075
715,27.585
720,27.037499999999998
725,25.3275
730,21.75
735,20.325
740,18.555
745,16.8975
750,16.185000000000002
755,15.345000000000002
760,13.9575
765,8.4225
770,6.4425
775,5.6925
780,5.077500000000001
785,4.8
790,4.2675
795,3.8325
800,3.5250000000000004
805,2.94
810,2.5125
815,2.6999999999999997
820,2.8725000000000005
825,3.1875
830,3.4725000000000006
835,3.7125
840,4.0275
845,6.0600000000000005
850,7.852500000000001
855,8.655
860,9.6675
865,10.2525
870,11.0025
875,11.5575
880,12.502500000000001
885,12.945000000000002
890,13.387499999999998
895,11.8125
900,10.665
905,10.207500000000001
910,10.379999999999999
915,10.4625
920,11.85
925,13.47
930,13.987499999999999
935,13.867499999999998
940,13.9575
945,15.075000000000001
950,15.082500000000001
955,15.367500000000003
960,14.9775
965,13.979999999999997
970,12.21
975,10.192499999999999
980,9.787500000000001
985,9.375
990,10.005
995,9.21
1000,9.315
1005,9.5025
1010,10.3425
1015,12.007500000000002
1020,12.54
1025,13.38
1030,13.057500000000001
1035,13.6575
1040,13.537500000000001
1045,13.7025
1050,14.084999999999997
1055,15.2775
1060,17.0625
1065,20.205
1070,22.275
1075,23.595
1080,25.53
1085,26.205
1090,26.7225
1095,29.534999999999997
1100,32.52
1105,34.125
1110,33.772499999999994
1115,31.222499999999997
1120,31.5375
1125,31.814999999999994
1130,29.5275
1135,29.775000000000002
1140,29.73
1145,27.375
1150,25.365000000000002
1155,22.365000000000002
1160,22.229999999999997
1165,21.2325
1170,19.5075
1175,20.4525
1180,24.87
1185,26.205
1190,28.462499999999995
1195,29.3625
1200,28.7925
1205,31.845000000000002
1210,33.2025
1215,33.997499999999995
1220,34.657500000000006
1225,32.925
1230,29.955
1235,28.305
1240,25.882499999999997
1245,26.6775
1250,27.375
1255,27.120000000000005
1260,25.942500000000003
1265,27.720000000000002
1270,29.692500000000003
1275,30.3375
1280,31.4175
1285,31.964999999999996
1290,32.9025
1295,31.44
1300,32.287499999999994
1305,33.3225
1310,32.347500000000004
1315,30.8775
1320,28.837500000000002
1325,30.232499999999998
1330,31.44
1335,34.230000000000004
1340,38.91
1345,40.68
1350,39.63
1355,41.3175
1360,44.1
1365,44.05500000000001
1370,45.06000000000001
1375,45.08250000000001
1380,45.00749999999999
1385,45.2175
1390,42.5025
1395,43.17
1400,43.6575
1405,44.010000000000005
1410,47.6775
1415,51.2025
1420,54.915
1425,52.335
1430,50.28
1435,47.220000000000006
1440,44.385000000000005
1445,42.3675
1450,41.07749999999999
1455,39.269999999999996
1460,40.4325
1465,37.177499999999995
1470,33.69
1475,34.665
1480,36.3375
1485,37.9125
1490,40.3725
1495,41.835
1500,45.8325
1505,47.88
1510,42.300000000000004
1515,44.6175
1520,44.3925
1525,45.2625
1530,43.275000000000006
1535,41.1825
1540,38.43000000000001
1545,36.705
1550,34.777499999999996
1555,30.5625
1560,27.869999999999997
1565,24.712499999999995
1570,22.9875
1575,25.4925
1580,28.169999999999995
1585,28.455000000000005
1590,30.869999999999997
1595,31.740000000000002
1600,29.534999999999997
1605,28.5975
1610,30.427500000000002
1615,30.794999999999998
1620,31.7025
1625,29.070000000000004
1630,27.172500000000003
1635,28.094999999999995
1640,26.6925
1645,25.1325
1650,26.362499999999997
1655,26.5425
1660,26.302500000000002
1665,27.119999999999997
1670,28.3725
1675,27.1275
1680,26.445
1685,27.884999999999998
1690,30.78
1695,32.955
1700,33.464999999999996
1705,34.11
1710,33.855000000000004
1715,34.9425
1720,35.9475
1725,39.54
1730,41.400000000000006
1735,39.6975
1740,36.9675
1745,36.105000000000004
1750,35.49
1755,36.434999999999995
1760,40.8975
1765,40.575
1770,39.225
1775,39.33
1780,41.474999999999994
1785,42.434999999999995
1790,44.4075
1795,47.0175
1800,50.775000000000006
1805,52.86749999999999
1810,53.295
1815,57.165
1820,60.682500000000005
1825,60.21
1830,59.64
1835,63.21000000000001
1840,63.75
1845,64.155
1850,62.07749999999999
1855,62.355000000000004
1860,61.297499999999985
1865,64.0575
1870,65.4975
1875,70.6275
1880,71.73750000000001
1885,68.44500000000001
1890,69.5925
1895,72.06
1900,78.315
1905,80.925
1910,81.62249999999999
1915,75.4275
1920,72.9525
1925,69.465
1930,69.1575
1935,71.15249999999999
1940,69.2475
1945,69.1125
1950,66.42
1955,69.0825
1960,67.38749999999999
1965,69.73499999999999
1970,72.8625
1975,70.77749999999999
1980,69.1125
1985,67.1475
1990,68.385
1995,67.7025
2000,65.265
2005,61.31250000000001
2010,61.44
2015,59.625
2020,55.845
2025,54.01500000000001
2030,53.04749999999999
2035,52.32750000000001
2040,49.0275
2045,45.945
2050,44.7375
2055,40.89
2060,42.112500000000004
2065,45.832499999999996
2070,42.315
2075,41.730000000000004
2080,40.162499999999994
2085,39.18
2090,38.407500000000006
2095,35.94749999999999
2100,33.885
2105,32.925
2110,28.02
2115,21.825
2120,20.392500000000002
2125,18.975
2130,17.369999999999997
2135,16.275
2140,16.365
2145,15.540000000000001
2150,14.182500000000003
2155,12.4425
2160,12.8025
2165,11.422500000000001
2170,11.377500000000001
2175,11.370000000000001
2180,12.0
2185,11.834999999999999
2190,10.7175
2195,10.68
2200,10.5075
2205,10.507500000000002
2210,8.392500000000002
2215,7.965000000000001
2220,8.3475
2225,8.0325
2230,7.642499999999999
2235,7.185
2240,7.170000000000001
2245,6.7875
2250,6.5024999999999995
2255,5.91
2260,5.6175
2265,5.242500000000001
2270,4.71
2275,4.237500000000001
2280,3.42
2285,3.015
2290,2.745
2295,2.3325000000000005
2300,2.3925
2305,2.7824999999999998
2310,2.9850000000000003
2315,3.7800000000000007
2320,4.08
2325,4.785
2330,5.865
2335,6.0675
2340,6.074999999999999
2345,6.1875
2350,6.2175
2355,6.555
2360,7.0725
2365,6.45
2370,6.69
2375,6.8175
2380,6.2925
2385,6.592499999999999
2390,7.717500000000001
2395,8.3625
2400,8.565
2405,9.2625
2410,9.645
2415,10.290000000000001
2420,13.327499999999999
2425,21.195
2430,35.46
2435,40.237500000000004
2440,40.695
2445,41.9025
2450,42.885
2455,43.4175
2460,43.582499999999996
2465,44.61
2470,43.012499999999996
2475,36.712500000000006
2480,23.5575
2485,21.2475
2490,22.462500000000002
2495,21.7275
2500,21.6825
2505,21.217499999999998
2510,22.335
2515,23.7675
2520,25.7475
2525,27.1425
2530,29.159999999999997
2535,28.387500000000003
2540,29.744999999999997
2545,31.44
2550,33.2175
2555,34.0425
2560,33.5325
2565,31.837499999999995
2570,29.955
2575,28.537499999999998
2580,27.330000000000005
2585,27.757499999999997
2590,25.514999999999997
2595,24.322499999999998
2600,24.165
2605,24.8625
2610,26.400000000000002
2615,26.640000000000004
2620,26.3775
2625,25.837500000000002
2630,25.0575
2635,24.787499999999998
2640,24.337500000000002
2645,23.677500000000002
2650,22.0725
2655,24.202499999999997
2660,22.544999999999998
2665,22.08
2670,21.72
2675,22.642500000000002
2680,22.395
2685,21.5625
2690,21.007499999999997
2695,21.36
2700,26.820000000000004
2705,22.92
2710,22.7325
2715,21.9075
2720,21.48
2725,20.1
2730,19.455000000000002
2735,19.0725
2740,18.997500000000002
2745,19.29
2750,14.122499999999999
2755,15.5325
2760,17.257499999999997
2765,17.175
2770,16.972500000000004
2775,16.7175
2780,17.430000000000003
2785,16.5675
2790,16.71
2795,17.49
2800,18.915
2805,18.3525
2810,17.5425
2815,18.6
2820,21.2025
2825,21.802500000000002
2830,22.034999999999997
2835,23.962500000000002
2840,24.037499999999998
2845,23.700000000000003
2850,21.705000000000002
2855,21.375
2860,20.145
2865,20.032500000000002
2870,19.679999999999996
2875,20.0925
2880,22.11
2885,24.195
2890,27.8325
2895,32.684999999999995
2900,33.292500000000004
2905,33.082499999999996
2910,34.635000000000005
2915,38.662499999999994
2920,37.980000000000004
2925,39.63
2930,39.6675
2935,38.5275
2940,35.730000000000004
2945,31.995
2950,32.1675
2955,32.505
2960,31.597499999999993
2965,28.005000000000003
2970,26.849999999999998
2975,25.447499999999998
2980,24.8325
2985,23.595
2990,24.554999999999996
2995,24.1275
3000,25.8
3005,29.7525
3010,32.625
3015,34.29
3020,34.739999999999995
3025,33.239999999999995
3030,32.760000000000005
3035,32.842499999999994
3040,30.7425
3045,29.295
3050,28.027499999999996
3055,25.462500000000002
3060,22.1625
3065,21.697499999999998
3070,23.197499999999998
3075,23.16
3080,22.32
3085,24.037499999999998
3090,25.3425
3095,26.197499999999998
3100,26.865
3105,26.339999999999996
3110,27.8775
3115,28.567500000000003
3120,28.252499999999998
3125,29.775
3130,30.037499999999998
3135,28.837500000000002
3140,28.327499999999997
3145,28.845
3150,28.724999999999998
3155,30.0525
3160,33.9225
3165,37.019999999999996
3170,36.6975
3175,37.4625
3180,38.542500000000004
3185,40.942499999999995
3190,47.265
3195,47.5875
3200,47.925
3205,48.315
3210,46.4475
3215,42.99
3220,43.252500000000005
3225,43.86
3230,44.9175
3235,43.6725
3240,38.97
3245,38.325
3250,39.8775
3255,39.787499999999994
3260,38.085
3265,41.6625
3270,44.504999999999995
3275,46.027499999999996
3280,48.8325
3285,55.237500000000004
3290,58.48499999999999
3295,61.84499999999999
3300,62.7225
3305,66.17999999999999
3310,68.4525
3315,65.7525
3320,64.10999999999999
3325,63.345
3330,63.705
3335,60.2625
3340,59.332499999999996
3345,59.10000000000001
3350,58.822500000000005
3355,55.905
3360,54.65249999999999
3365,56.6475
3370,58.7775
3375,64.35
3380,65.16000000000001
3385,68.44500000000001
3390,69.1575
3395,74.6325
3400,78.4425
3405,80.0325
3410,82.77000000000001
3415,83.61
3420,84.1725
3425,78.85499999999999
3430,77.0025
3435,74.775
3440,76.23750000000001
3445,73.08000000000001
3450,73.9425
3455,74.925
3460,73.0125
3465,71.565
3470,70.52250000000001
3475,69.6075
3480,67.3275
3485,65.445
3490,62.4525
3495,57.88499999999999
3500,53.58
3505,51.9225
3510,49.10999999999999
3515,47.16
3520,44.6625
3525,44.79
3530,43.88999999999999
3535,40.769999999999996
3540,41.205
3545,43.0125
3550,42.292500000000004
3555,39.0
3560,39.06
3565,37.7925
3570,36.532500000000006
3575,33.4425
3580,31.627500000000005
3585,31.7025
3590,28.349999999999998
3595,24.69
3600,21.435
3605,20.6925
3610,19.477500000000003
3615,17.88
3620,18.0375
3625,18.78
3630,19.2975
3635,18.0825
3640,17.505
3645,17.2725
3650,16.2975
3655,15.870000000000001
3660,15.802499999999998
3665,17.085
3670,21.9525
3675,20.4675
3680,20.9325
3685,21.915
3690,21.314999999999998
3695,20.7075
3700,20.595
3705,20.527499999999996
3710,20.632500000000004
3715,19.439999999999998
3720,13.409999999999998
3725,14.25
3730,13.155
3735,11.82
3740,11.895000000000001
3745,12.0
3750,11.565
3755,11.5725
3760,10.8525
3765,9.945
3770,9.292499999999999
3775,9.18
3780,8.28
3785,7.604999999999999
3790,7.177499999999998
3795,6.675
3800,7.890000000000001
3805,7.289999999999999
3810,7.762499999999999
3815,8.475000000000001
3820,9.1125
3825,8.887500000000001
3830,9.8025
3835,11.175
3840,11.3625
3845,13.057500000000001
3850,12.72
3855,13.2225
3860,14.355
3865,14.49
3870,14.625
3875,15.3675
3880,15.7275
3885,18.052500000000002
3890,19.17
3895,19.71
3900,20.745
3905,20.85
3910,20.055000000000003
3915,23.1
3920,26.152500000000003
3925,27.0225
3930,26.722499999999997
3935,24.944999999999997
3940,26.205
3945,26.557500000000005
3950,27.217500000000005
3955,36.525
3960,40.7475
3965,40.245000000000005
3970,39.35999999999999
3975,39.127500000000005
3980,27.913810095243456
3985,27.23200328081729
3990,26.453137423209125
3995,24.95385054007047
4000,24.75965544929465
4005,24.261280386196884
4010,24.43674698456497
4015,24.3830812119136
4020,24.11398070493423
4025,23.89576117388689
4030,24.266732472985478
4035,25.051226410924027
4040,26.001792281095465
4045,26.910452558018203
4050,27.713321415517832
4055,28.414874129939392
4060,28.057191802317696
4065,28.0130234362735
4070,27.90092085277273
4075,28.635260379923114
4080,28.570650271320734
4085,28.490450739458687
4090,28.464937909096374
4095,28.851273665861953
4100,28.640076912171242
4105,28.37160605534384
4110,28.449967146994787
4115,28.375458935808552
4120,29.10044142209914
4125,28.81255040166627
4130,28.735120287783694
4135,28.335118874347096
4140,28.062014500882707
4145,27.403151663264396
4150,26.92162703280149
4155,26.299482441817446
4160,26.139823223420752
4165,25.828203847493274
4170,24.570133504416273
4175,24.647389034235253
4180,24.435405359013895
4185,24.65716384559879
4190,24.370179606367522
4195,24.745880832576333
4200,25.63803433839636
4205,26.62552543222796
4210,27.33351389915618
4215,28.298185528859722
4220,29.819043502423103
4225,29.88859438275578
4230,30.001580225417023
4235,30.213671166658173
4240,31.000070118546205
4245,30.940389798320314
4250,30.17793578167707
4255,29.313836576617597
4260,28.995307606192103
4265,28.306527853403907
4270,27.48552140717576
4275,27.821102131398295
4280,28.25828570484122
4285,28.613519569979495
4290,29.46207996701695
4295,30.771293102561913
4300,32.62414639151285
4305,36.0014308743088
4310,39.658594983186894
4315,43.62852854058392
4320,48.09185623284522
4325,51.8049495843693
4330,55.67229290900358
4335,58.85614693358308
4340,61.21287928850936
4345,63.29569241400969
4350,65.38889513045764
4355,65.2524348741243
4360,65.30744233963784
4365,65.50350764938949
4370,65.14670496754925
4375,65.28644664917199
4380,66.07022296513426
4385,67.57170416461022
4390,69.22320150600002
4395,70.87803645687987
4400,71.81446099469859
4405,73.50309863567904
4410,73.54834128290564
4415,72.77302178888021
4420,71.79894080170473
4425,69.55537437655676
4430,66.45107289245051
4435,63.551830158575534
4440,61.115335496860396
4445,59.09530241892641
4450,57.857675479176045
4455,57.03350439320981
4460,57.649965131122975
4465,58.56021805638007
4470,60.109156151214655
4475,62.39895882271052
4480,64.80620606414418
4485,66.3667789088318
4490,67.45147178705952
4495,68.05956847747491
4500,68.3644473209749
4505,67.76179361599917
4510,66.3762263831748
4515,65.55585360350729
4520,64.30152982349273
4525,63.2034109601815
4530,62.07640559962342
4535,60.844984044482295
4540,59.63423893490121
4545,58.069578379275924
4550,56.39194299579297
4555,54.95845881533054
4560,53.656683608307546
4565,51.22715307197948
4570,48.73955349729795
4575,45.98449469737464
4580,43.367135589853966
4585,40.656836095459525
4590,37.94930983856984
4595,35.63904099221621
4600,33.46882374255868
4605,31.367286989464997
4610,29.251121340629986
4615,28.2749965355329
4620,27.6393583120806
4625,27.261853355318976
4630,26.25038331818548
4635,26.130915867239082
4640,25.860682606005867
4645,25.208243467935695
4650,25.522382415141966
4655,25.986963201843945
4660,26.130936510326375
4665,25.64695224884968
4670,24.96866268068286
4675,24.26071393025324
4680,24.157643844316432
4685,22.928101540751292
4690,21.974826601703864
4695,21.303885410632166
4700,19.50103245030621
4705,17.172811067876648
4710,14.965108198324037
4715,13.177917972398461
4720,11.491570360998752
4725,9.620784470347768
4730,7.970649113558335
4735,6.997654509269708
4740,5.741658703708208
4745,4.59656402833895
4750,3.622098127242775
4755,3.259095541742789
4760,3.813781419809197
4765,3.5773820633424642
4770,3.489112479684721
4775,3.639165059451608
4780,3.400663020345477
4785,3.943064388840804
4790,4.426051634483671
4795,5.479639689629194
4800,6.515746004555321
4805,7.2236334266453515
4810,7.529434664913157
4815,8.749981870951903
4820,9.455325822534041
4825,10.134708632158876
4830,11.004990796228853
4835,10.745984850042301
4840,10.930494951643372
4845,10.807118345026545
4850,10.459284882945656
4855,10.815686757073442
4860,10.850980916325263
4865,10.744198735368892
4870,10.833520546113283
4875,11.137649940438298
4880,11.697477300661978
4885,12.742457159419848
4890,13.392875872864744
4895,13.927837978290563
4900,14.36510299127714
4905,14.517210269799483
4910,14.240874907670463
4915,14.03039445433591
4920,14.071518303561415
4925,13.164809879940995
4930,12.21796417218834
4935,11.710125134585509
4940,10.630536098321667
4945,9.996075358979565
4950,10.168773522918835
4955,9.904786590492158
4960,10.24441438418756
4965,10.414665180794543
4970,10.165664561217156
4975,11.065144550999445
4980,11.360618969351721
4985,11.61290152718643
4990,12.67114152785769
4995,13.258309571838913
5000,14.12979762478868
5005,15.056320468277509
5010,16.252036238409115
5015,17.594440427507127
5020,19.34646335982497
5025,20.422489775207247
5030,22.08934672445815
5035,23.514397380919625
5040,25.121167806256146
5045,26.780724738040238
5050,27.68217181373393
5055,28.65859964593249
5060,29.58739965448217
5065,30.119355070423573
5070,30.269381441119656
5075,30.945477955212958
5080,30.710195281839496
5085,29.95128859600022
5090,28.64217527508987
5095,27.602717285868835
5100,26.429132126147085
5105,25.47928457418021
5110,24.381436392180085
5115,23.729207694351743
5120,23.380884330749602
5125,22.911570000070068
5130,23.20803028380642
5135,23.821530762909628
5140,25.024076520509638
5145,26.255786746246315
5150,27.44106389838887
5155,28.886618343551646
5160,29.92583614627974
5165,30.172004913520265
5170,30.58418072815066
5175,30.582400914732585
5180,30.728664881386408
5185,30.854135064341143
5190,30.482649756155723
5195,29.486858397808653
5200,29.315402766499023
5205,28.894266802363024
5210,28.386276213347845
5215,28.955774293817502
5220,29.293170930415943
5225,29.88474455303516
5230,30.31304175711956
5235,30.557300035774393
5240,31.073886697411115
5245,32.150305450420475
5250,32.32666568461479
5255,32.30694953174175
5260,32.54886722517122
5265,32.50371705424335
5270,32.35551266166517
5275,32.89182904316033
5280,33.48138434821495
5285,34.31544220992983
5290,35.04067082439226
5295,35.99282871236994
5300,36.95286279609699
5305,38.715357102460516
5310,40.52805662530265
5315,41.65862040744147
5320,43.52575259788382
5325,44.27881993921925
5330,44.61726971076673
5335,44.99437781476213
5340,45.124054932238764
5345,45.74626379962286
5350,46.58642428519401
5355,47.121366996892334
5360,47.667996074925995
5365,47.98148237653434
5370,47.709864207289634
5375,47.61697057085267
5380,47.50693226369437
5385,47.17950544449684
5390,47.06923675742706
5395,46.11160743476832
5400,45.09247586076809
5405,42.83112628236417
5410,41.181137640986066
5415,39.95444492113461
5420,38.73218217660292
5425,38.50931618985625
5430,38.38030761194064
5435,39.03395617811995
5440,39.64493424013329
5445,39.517795312106564
5450,40.381063310268004
5455,41.63287967926201
5460,42.63588373082848
5465,42.972583300159
5470,43.59709782246948
5475,43.056139189810594
5480,43.10677351752468
5485,41.887157617970274
5490,40.11870566144002
5495,38.94810888570858
5500,36.717918204584535
5505,34.85258559203446
5510,32.93995511938799
5515,32.34225460341016
5520,30.72815830913327
5525,30.296451406845705
5530,29.111536598167845
5535,28.620334247294352
5540,28.603675291840126
5545,28.698850364081768
5550,29.345926354551928
5555,29.762333974689376
5560,30.073833099768486
5565,29.522261791486937
5570,29.63278618124363
5575,28.73598288985217
5580,28.284120734234058
5585,27.44100992044933
5590,27.3800583609903
5595,27.16217573392102
5600,26.58721034213759
5605,26.71773941635857
5610,26.43250225118163
5615,26.474167470771214
5620,26.44236854726467
5625,26.902523061370594
5630,28.030203839619674
5635,28.62976007112868
5640,28.98791565797743
5645,29.293085277688846
5650,29.969366660265177
5655,30.503527884443667
5660,31.6956869595527
5665,33.322722199089256
5670,34.703080540467916
5675,35.49082922590372
5680,35.430554462923546
5685,36.40455522193355
5690,36.956138873967724
5695,37.833873035033086
5700,38.40189185195309
5705,38.62203327512556
5710,38.73168790139902
5715,38.32316563193856
5720,38.33968815780388
5725,39.00044821399987
5730,39.97360149387362
5735,41.53103415708453
5740,43.097647488147686
5745,44.41622961222753
5750,46.051344300640295
5755,48.099754510260695
5760,49.994764757597366
5765,51.96295255644676
5770,54.68292058000138
5775,56.94775021684573
5780,58.78583903973987
5785,59.478958407582525
5790,60.4023167853361
5795,61.027308013750044
5800,61.57236323209828
5805,62.40797175351723
5810,63.21053910502934
5815,64.60630140471571
5820,64.74136614980637
5825,64.95365650861547
5830,66.14967570327752
5835,67.87493693242843
5840,69.36138257321889
5845,71.53865557832124
5850,72.66621993812261
5855,73.17654157745883
5860,73.53945118805811
5865,73.08876203190354
5870,73.71632163955726
5875,73.96714004701022
5880,72.97067566372884
5885,71.89543128503344
5890,70.94313152297623
5895,69.7478225127554
5900,69.52803576141937
5905,69.5745614263799
5910,69.63446474918679
5915,69.32775677646381
5920,68.78082116805084
5925,68.58820237432947
5930,69.13272450275126
5935,68.67016300437038
5940,67.99533072907845
5945,67.03786144298212
5950,66.17673418381173
5955,64.28474535299785
5960,62.680047293344
5965,61.334653592870744
5970,59.464727534650024
5975,57.39048877782424
5980,54.68249887953241
5985,53.00459695972088
5990,51.00001886140459
5995,49.578617052089484
6000,48.043103207001124
6005,46.65675075000537
6010,45.58007291874476
6015,44.44117549888058
6020,43.34574048063289
6025,42.0676000584192
6030,41.307476540829775
6035,40.13472220326703
6040,39.86960526691636
6045,38.1226101773108
6050,35.301933114538585
6055,33.4853513858997
6060,30.979226129740557
6065,28.733748899553753
6070,26.354639794488804
6075,24.628652273363425
6080,22.447684558043893
6085,20.798600726417128
6090,18.13220506979963
6095,16.871574575901953
6100,15.946087061204334
6105,14.978940107870752
6110,13.958533731382989
6115,13.364391528348913
6120,12.880756611196968
6125,11.81492717547409
6130,11.527008099570766
6135,10.829974719301475
6140,10.988262312712738
6145,10.296507839905441
6150,10.423580078315279
6155,10.416086601354333
6160,10.332747974617842
6165,10.090407306535905
6170,9.946206262486916
6175,9.749006722101466
6180,9.399888563469597
6185,8.825590358907254
6190,8.209107355921327
6195,7.709783894012553
6200,6.865560927347107
6205,6.507144621417837
6210,5.908720286538385
6215,5.328206690229374
6220,4.821849721958587
6225,4.467280519734031
6230,4.2080765719637885
6235,3.9250254914821703
6240,3.169131127625456
6245,3.178203813103298
6250,3.281976385588383
6255,3.050796928645807
6260,3.454190114481628
6265,3.8862227014728434
6270,3.7622669704139526
6275,4.594140618467321
6280,4.309200831356863
6285,4.637991968905788
6290,5.6413395639453
6295,6.110950694598778
6300,6.268448173202435
6305,6.532835296594394
6310,6.377081721405178
6315,6.338806488855399
6320,6.717746583097906
6325,6.606028404199097
6330,7.135600351303582
6335,7.538753168227655
6340,7.598469265117555
6345,7.56795360780322
6350,8.277803939310965
6355,9.05527630583381
6360,10.624735836767002
6365,13.404856895413113
6370,16.84167344549703
6375,20.27847128896273
6380,23.8180633318121
6385,27.301158766433417
6390,30.307983684681954
6395,33.96739527121678
6400,37.104445472314254
6405,39.994194299953506
6410,41.83026044321968
6415,40.91245267816684
6420,39.14445908616195
6425,36.86529744520508
6430,34.57875631538295
6435,32.43631467205425
6440,30.64512042020895
6445,28.63159736177377
6450,26.756076956205995
6455,24.71812304288192
6460,23.55970664727745
6465,23.577273794988812
6470,24.086814508807098
6475,25.049735004201366
6480,26.09587041471608
6485,27.236858020193228
6490,28.654982059474218
6495,29.901678533111163
6500,30.565678039981258
6505,31.519915693922524
6510,31.35350808966382
6515,31.400920702006538
6520,31.618782418221286
6525,31.055797872464957
6530,30.40962453559394
6535,29.60680667600633
6540,28.96984570670849
6545,28.16145107085403
6550,27.648020758724847
6555,26.85762349886081
6560,26.642288288072127
6565,26.684605491299102
6570,26.241577109585513
6575,26.63988449967573
6580,26.797652011648314
6585,26.081508011711684
6590,25.420509211354265
6595,25.069145327867286
6600,24.96026018498571
6605,24.3802733791924
6610,24.178330207587933
6615,23.48276186094666
6620,23.074182109450398
6625,22.36235173346523
6630,21.89832076507036
6635,22.80070162862381
6640,22.474058559661465
6645,22.41888247486611
6650,22.58647983982137
6655,22.86706519878133
6660,22.636899468429142
6665,22.289730440543586
6670,21.88842793756804
6675,21.88251978829812
6680,21.884001113474355
6685,20.698459078862033
6690,20.300986186379284
6695,19.647948828862063
6700,18.999437295470265
6705,18.401131040640973
6710,17.971081543302436
6715,17.83609917710813
6720,17.763631066836805
6725,17.528715803072053
6730,16.889089788158213
6735,17.17849764818832
6740,17.280753840037743
6745,17.182190903251506
6750,17.1391115880972
6755,17.759991066339314
6760,18.029222394072576
6765,18.860805571807738
6770,19.47692699708896
6775,20.186007211255728
6780,20.92657300495781
6785,21.065255374482568
6790,21.522130018740718
6795,21.963923443125733
6800,22.013161546619493
6805,21.707198979049096
6810,21.745139609352712
6815,21.32270435951009
6820,20.819836369260297
6825,21.242106445590533
6830,22.14278728993154
6835,23.88689867522479
6840,24.92709302386003
6845,26.617528842237647
6850,28.59197371860291
6855,30.054938983825856
6860,32.01481554451853
6865,33.95665131794302
6870,35.86791268537854
6875,36.53565833563749
6880,36.59763698113478
6885,36.14873974377264
6890,36.254882831118834
6895,35.69836642351123
6900,34.15414278089742
6905,33.18552342198503
6910,32.006720631467964
6915,30.611292929034487
6920,29.132010815514672
6925,27.725898270506132
6930,26.896395411469342
6935,26.16327785548291
6940,26.15228810968059
6945,26.330972079117213
6950,27.386856256027396
6955,28.023013587210926
6960,28.698664040270792
6965,29.324919574665063
6970,30.607864295993107
6975,31.119225760676773
6980,31.80730348943846
6985,32.28951107012395
6990,31.603424446174916
6995,30.35402096182155
7000,29.02182184601803
7005,28.096226321498442
7010,26.52758448921506
7015,25.760678607350638
7020,24.50350844019929
7025,24.453609161610235
7030,24.10618726930789
7035,24.21772557984933
7040,23.93340560051346
7045,24.462657575444204
7050,25.01913993909568
7055,25.588277992412735
7060,26.834252614774563
7065,27.612026416776978
7070,28.582302962144393
7075,29.00996918400253
7080,29.375551348918286
7085,29.282566866853035
7090,30.016887477068412
7095,31.479699719292416
7100,32.471841357337304
7105,33.4960229211979
7110,34.397203993378874
7115,35.13448022009775
7120,35.55354263397045
7125,37.28700902530086
7130,38.70568482942825
7135,40.4890164477094
7140,42.494513607702245
7145,42.926432256405306
7150,43.674986353020515
7155,43.85951006632946
7160,44.02156618431307
7165,44.58872390248606
7170,45.402359421591704
7175,44.260871780679906
7180,43.76057551290523
7185,42.91761196378317
7190,42.001166687468746
7195,41.481630638595256
7200,41.08313865406088
7205,41.67322973754617
7210,42.08303674765887
7215,42.79247805750275
7220,43.81517108607013
7225,45.79207004500732
7230,48.20031772566766
7235,50.769396115497685
7240,53.306609555790445
7245,55.90482546596057
7250,58.294387938534115
7255,60.243607309128016
7260,62.00050655508569
7265,63.271772812592474
7270,63.74785497097311
7275,64.09334555780737
7280,63.87122805759127
7285,63.03182532600052
7290,62.02874524053179
7295,61.25015868316666
7300,60.41505578503959
7305,59.788593923104806
7310,59.63055684129034
7315,59.59447795599588
7320,60.414719017149665
7325,61.3739740488344
7330,62.28295495969353
7335,64.45432477477
7340,66.72718128318346
7345,68.79669756044078
7350,71.19372494599443
7355,73.77286221706962
7360,75.2295783183603
7365,76.46822483193262
7370,77.39787322235802
7375,77.92612196519137
7380,78.19745720809074
7385,77.77249170736783
7390,77.12581164987503
7395,76.22716289573313
7400,75.14633752060816
7405,74.06498847577993
7410,73.37181638210409
7415,72.45296553916725
7420,71.06915174383843
7425,70.02455201335945
7430,68.49478720970856
7435,66.61889560246331
7440,64.41240196167374
7445,62.27223175918708
7450,59.77006452753032
7455,56.86371567098132
7460,54.31247421378792
7465,51.85938825842413
7470,49.68528740698153
7475,47.63617122923603
7480,46.07944828871648
7485,44.86193693952325
7490,43.93234840101765
7495,43.12978161414725
7500,42.12845520566388
7505,40.85025035219446
7510,39.947978918798654
7515,38.89383620933683
7520,37.708050641114035
7525,36.17888949122751
7530,34.34237122028006
7535,32.0442789321675
7540,29.93643485216585
7545,27.809732629837715
7550,26.1132438357596
7555,24.62102614023226
7560,22.739869188220798
7565,21.20481769605054
7570,19.639848737078157
7575,18.693938773275953
7580,17.998933584684256
7585,17.21433893758302
7590,16.7722981437516
7595,16.37428545177517
7600,16.23760774456077
7605,16.953327825367985
7610,17.307232084191703
7615,17.87982824960345
7620,18.53529671163819
7625,18.38386849458098
7630,18.592234604012642
7635,19.44341463322285
7640,19.964039794777143
7645,20.208870919085083
7650,20.61697076297526
7655,19.6414330998291
7660,19.129900287971658
7665,18.488382200664393
7670,17.47644985965264
7675,16.613250693579424
7680,16.236393825258936
7685,15.292363023299192
7690,14.291141497612667
7695,13.582167350543457
7700,12.554308075441693
7705,11.666713617309075
7710,10.960861731936582
7715,10.191224446440271
7720,9.921705371971852
7725,9.62410829079024
7730,8.583260102709584
7735,8.368584813981713
7740,7.8983056268516
7745,7.483132871936253
7750,7.269457166912771
7755,7.560904808139654
7760,8.077098487939294
7765,8.113899240854128
7770,8.404292763445898
7775,9.339283792075815
7780,10.226252580215824
7785,10.693106991278512
7790,11.568852022680662
7795,12.145070988768294
7800,12.820244598714577
7805,13.455641417995611
7810,13.852696365005727
7815,14.3185767275014
7820,14.909962548299518
7825,15.302916581335868
7830,16.184850871713035
7835,16.744341458556683
7840,17.584234484862204
7845,18.170460641000176
7850,18.92104723275125
7855,20.168684248485306
7860,21.538666705454638
7865,22.788112098569588
7870,23.539666323602034
7875,24.101310924555733
7880,24.33852919303099
7885,25.010421004977665
7890,26.077374630481962
7895,28.441578723691556
7900,30.35041594489818
7905,31.770113473353142
7910,32.59891394988878
7915,27.34234798114786
7920,27.198284125828074
7925,25.640778455034553
7930,24.809590546676645
7935,24.32414657790212
7940,23.939827336985722
7945,24.207925145690506
7950,24.09875104808617
7955,23.959606481392555
7960,23.97421474836631
7965,24.48179303452867
7970,25.02306080778598
7975,26.033962801656873
7980,27.157130504924577
7985,27.31308139537156
7990,27.633537210406036
7995,27.69388030186593
8000,28.07508285092927
8005,28.004739113554432
8010,28.33039462810992
8015,28.43030481811335
8020,28.354768767199097
8025,28.78082062616337
8030,28.80436163061891
8035,28.97153536422784
8040,28.735990465459217
8045,28.922750736968585
8050,28.829335116374075
8055,28.868698802228057
8060,28.799587275083088
8065,28.694551805445155
8070,28.577937530589956
8075,28.28726478817476
8080,27.825948630925733
8085,27.12196215090961
8090,26.75156486019872
8095,26.386934347034146
8100,26.073471140370565
8105,25.717890859842463
8110,25.391134966015954
8115,25.323108162211796
8120,25.14682226993471
8125,24.958996708203006
8130,25.210518468137586
8135,26.305850864969283
8140,27.144507033728722
8145,27.395951524935686
8150,28.322095077312248
8155,29.28698254493397
8160,29.966395509990342
8165,30.01150476838179
8170,29.66849672737223
8175,29.813134919841985
8180,30.010347247045097
8185,29.682101157855026
8190,28.79655919865512
8195,28.751631312337587
8200,27.639163218096407
8205,27.16047260441281
8210,27.177534883929212
8215,27.708341166419434
8220,28.953011977615823
8225,29.969532043808726
8230,31.608039887498098
8235,33.49063738197442
8240,36.40218061148643
8245,39.93560720521721
8250,44.10817062755745
8255,47.9711067419304
8260,51.94040563596453
8265,55.77630226541235
8270,58.996185429051444
8275,61.922908756074506
8280,63.889758878563406
8285,66.18696733108999
8290,66.97332482550806
8295,66.89157406385667
8300,67.14255959001324
8305,67.65320477655875
8310,67.8370925030413
8315,68.60627982446047
8320,69.76055910244197
8325,71.31693419304887
8330,72.91444451269464
8335,73.36211772282802
8340,74.65623215536675
8345,75.10633343884628
8350,74.20999010483908
8355,72.68429873077817
8360,70.61809352372327
8365,67.21445347167318
8370,64.19787960330112
8375,61.48821037924049
8380,59.63453967070542
8385,58.33476620198506
8390,57.54655235292828
8395,57.77508208963407
8400,58.931569953383665
8405,60.27406621318998
8410,62.02748898778337
8415,64.55969074724791
8420,66.56698330718488
8425,67.60759840443448
8430,68.14538684001232
8435,68.20105194559396
8440,67.92015455527275
8445,66.93943217142503
8450,65.9373154355113
8455,65.09943642615615
8460,64.05036557402829
8465,62.428981954559546
8470,61.00667051443245
8475,59.49169813402007
8480,57.81518416924886
8485,56.05126582598507
8490,54.44457781468177
8495,52.84371569219512
8500,50.677280265021224
8505,48.52647151373348
8510,46.266849065884095
8515,43.73217625452249
8520,40.780433462056536
8525,38.14952136793464
8530,35.901169497931306
8535,34.298471955436455
8540,32.45018539877405
8545,30.567696598437305
8550,29.241144179030222
8555,27.8099249633338
8560,26.811691186700426
8565,26.117762656007237
8570,25.960534449950472
8575,26.122131026367935
8580,25.74063796117577
8585,25.79887411731546
8590,25.8964847479927
8595,26.079515623180765
8600,25.701497449148746
8605,24.93103225418419
8610,24.215452252372692
8615,23.631577263125187
8620,22.61934652248218
8625,21.421779144239366
8630,20.361826451265507
8635,18.30548337162805
8640,15.891156225201538
8645,13.978904228918017
8650,12.284589554302823
8655,10.803946014374633
8660,9.218993520313123
8665,7.559427680626858
8670,6.4184361093785345
8675,5.087464394201038
8680,4.128099580816946
8685,3.5559814508085608
8690,3.436686523641355
8695,2.982971960901123
8700,3.0560711500791493
8705,2.8358026048176237
8710,3.106457691847493
8715,3.4408473824801056
8720,4.035405859773752
8725,4.596850615372457
8730,5.218248669676429
8735,5.5795477551567885
8740,6.077862170264028
8745,7.244739042681054
8750,8.030852201267969
8755,9.301314902640474
8760,10.305019473341384
8765,11.345260162581846
8770,11.580431560055189
8775,11.715509080775812
8780,11.789326695808912
8785,12.114989403752908
8790,12.37353773440164
8795,12.626761194142691
8800,12.62238349503855
8805,12.730705449066356
8810,12.643451218411895
8815,12.636387067421364
8820,13.203618494129604
8825,13.4528476008565
8830,13.962262663430199
8835,14.200050611454177
8840,14.267957740604066
8845,13.840437726362897
8850,13.613325783273202
8855,12.861374801222691
8860,11.936729391823437
8865,11.541694189661499
8870,11.168783515164105
8875,11.198282108892162
8880,10.961171517961777
8885,10.625889704786536
8890,10.858436953543738
8895,10.979759506857823
8900,10.98459753101074
8905,11.636984901384697
8910,12.402164930335852
8915,12.736492840956355
8920,12.948366779962384
8925,13.298601551330227
8930,13.675415855039253
8935,14.55389650646477
8940,15.586491041862175
8945,16.722567102236493
8950,18.267772629483797
8955,19.560362078855622
8960,20.49820818309875
8965,22.189030284541087
8970,23.884104746345894
8975,25.603776991081467
8980,27.36727004178391
8985,28.78419618545442
8990,29.507819867765562
8995,30.30764525000497
9000,30.430982453015538
9005,30.557928813059124
9010,30.864859874602224
9015,30.61460647004688
9020,29.857950396298502
9025,28.990686809972523
9030,27.315396755184157
9035,26.017449686881907
9040,24.546214200154125
9045,23.497037345999313
9050,23.18809332088786
9055,23.1575336143625
9060,23.743180501206027
9065,23.755109385947343
9070,23.90876700165577
9075,24.81605012667149
9080,26.409244703514553
9085,27.803482745208306
9090,29.573139426460955
9095,30.934799054128735
9100,31.2892534469157
9105,31.209362336526503
9110,30.74282897188104
9115,30.87018222073426
9120,31.160046126443376
9125,30.79892684440724
9130,29.91809327600931
9135,29.399181498566428
9140,28.83826128416792
9145,28.06866053156289
9150,28.32352622011204
9155,29.039287059755384
9160,29.70236340879236
9165,30.033089638917147
9170,30.393364521705916
9175,30.945638449757524
9180,31.90429960621866
9185,32.014766005067656
9190,31.883423417719627
9195,31.576148750597078
9200,31.575163798329378
9205,31.838221962270797
9210,32.79353991645455
9215,33.724352834994846
9220,34.194440394381814
9225,34.86374515265256
9230,35.7907020644363
9235,37.06482054274174
9240,39.050597315007835
9245,40.956659464907545
9250,42.358332551543114
9255,43.25167433663559
9260,43.29670705951928
9265,43.173442435960155
9270,43.54785866308296
9275,44.27258738370108
9280,44.64643694587541
9285,45.61173767302487
9290,46.37725649976573
9295,47.21475022306784
9300,47.47828667529161
9305,47.401716654067194
9310,47.20982952283901
9315,47.3032364788635
9320,47.21507961005843
9325,45.7651864667371
9330,44.944281698447995
9335,43.737402605444345
9340,41.61317581473811
9345,39.709688141644634
9350,38.74040145129915
9355,37.94458683406075
9360,38.253949274627594
9365,38.45483880758741
9370,39.037150019178355
9375,40.618496961575275
9380,41.153973416930725
9385,41.592936879229576
9390,42.68646674336455
9395,43.662165932943616
9400,44.48569862782769
9405,44.83782888375078
9410,44.324933737749475
9415,43.720689554894484
9420,42.1976787615708
9425,40.67611349179295
9430,39.14940005638981
9435,37.23760540989061
9440,35.31895866479906
9445,33.714518277527006
9450,32.07900991884979
9455,31.067159123373024
9460,30.258972752898494
9465,29.89507139984268
9470,29.82647931932143
9475,28.85708070734926
9480,28.76879041793913
9485,29.451562328749695
9490,30.162469686343137
9495,30.379175643935106
9500,30.029772810532926
9505,29.89891450226105
9510,29.155572758695264
9515,28.099467700961696
9520,27.307449861458128
9525,27.20795672787664
9530,27.130563737136804
9535,26.43747949136242
9540,25.93445091848916
9545,25.827516984332732
9550,25.64390383616662
9555,25.377871755659264
9560,26.137949447888037
9565,27.22705759323611
9570,28.772328447047823
9575,29.83873557202237
9580,30.413524733451432
9585,31.535781109580835
9590,32.1893307140045
9595,33.48562775145891
9600,35.189779996188534
9605,36.23873419292737
9610,36.93265988715444
9615,36.775496561863086
9620,36.26556524074654
9625,36.439683352923716
9630,37.18332670813625
9635,37.54704961702505
9640,38.23511649509261
9645,37.669471373719055
9650,37.828255925756736
9655,38.657250344874996
9660,39.301732047900366
9665,40.66911908045016
9670,42.70476369656121
9675,44.41770254792378
9680,45.410290168289364
9685,47.43450366203985
9690,49.434965643074705
9695,52.02896736411493
9700,53.61615902819294
9705,55.212873487880984
9710,56.90457306686665
9715,58.73829168887088
9720,59.528093274747185
9725,60.24938270574271
9730,61.15488346214581
9735,61.34920102377108
9740,61.7430057852538
9745,62.49184941575974
9750,63.867919395140724
9755,64.61944370079763
9760,65.41743334705002
9765,66.45245599200251
9770,68.26531297606132
9775,70.42261539907825
9780,72.39805436710256
9785,73.8149203905331
9790,74.83407562483005
9795,74.75562978617249
9800,74.53600996836805
9805,74.88670248208413
9810,74.83921794769383
9815,74.407261161705
9820,72.84512447962993
9825,71.21255072399444
9830,69.85665506411344
9835,69.0754132913228
9840,68.83452251926659
9845,69.22322016877786
9850,68.8530480696086
9855,68.11810129780574
9860,67.99050103705562
9865,67.99782248168938
9870,68.00136664964366
9875,67.49997232483975
9880,66.99904707375612
9885,66.03688700762386
9890,64.32328673875
9895,62.17749487995424
9900,60.65737110264649
9905,59.61580200662321
9910,57.53535069226797
9915,55.08804683527804
9920,53.0874135653077
9925,51.48325249096543
9930,49.50186881194002
9935,48.02978569219595
9940,46.97237261138285
9945,45.79598439174026
9950,44.720099400161644
9955,43.05734332176577
9960,41.85838665772103
9965,40.997932250149546
9970,40.10855428769491
9975,38.92466249096668
9980,37.77304844566005
9985,35.32873912994861
9990,33.14486419623799
9995,30.92279114164989
10000,28.534011518327326
10005,26.043726492668394
10010,23.971874893892856
10015,21.949361539657378
10020,20.139568620432364
10025,18.162514669958604
10030,16.429710501922088
10035,15.680230596581719
10040,14.549764909605852
10045,14.194387392831931
10050,13.579084827392425
10055,13.59471966422171
10060,13.19588163988575
10065,12.790273591997599
10070,12.14542828011517
10075,11.626226730696715
10080,11.360678061284123
10085,10.767475911866452
10090,10.640261191786092
10095,10.184812003044971
10100,9.880202412135466
10105,9.31251675161199
10110,9.097251792573086
10115,8.668878122560333
10120,8.07050178478037
10125,7.7842839924978025
10130,6.94438880562556
10135,6.862683052564918
10140,6.694187119300945
10145,6.3257125217466355
10150,5.555118231044859
10155,5.0297339238116
10160,4.565521907657073
10165,3.963532081083251
10170,3.6443204483941565
10175,3.6042276037086807
10180,3.643731640518813
10185,3.6667680463669505
10190,2.9750767569006533
10195,2.7461254483865694
10200,3.875196299137206
10205,4.173558216679174
10210,4.329058240002392
10215,4.714473653213627
10220,5.444894631200403
10225,5.6509530297082415
10230,6.232140066333401
10235,6.573899048659646
10240,6.772864971132146
10245,7.014853800162217
10250,6.297949687814012
10255,6.084092201336518
10260,6.203358721199669
10265,6.719738788790146
10270,6.478809284478804
10275,6.751595903406395
10280,6.820359784356723
10285,6.636756740045664
10290,7.725300265743061
10295,9.388639767786806
10300,12.444468226572486
10305,16.419604322377033
10310,19.85966941884204
10315,22.739498543029868
10320,26.266461530294627
10325,29.74656563908723
10330,33.140387903413725
10335,36.92230225859394
10340,39.83524595600052
10345,41.32921842566289
10350,40.32888220604227
10355,38.098499444993436
10360,36.1580864227342
10365,34.253637476767054
10370,32.50088964980706
10375,30.306919881418775
10380,28.17846449757717
10385,25.877410551653128
10390,23.944883902449142
10395,22.794009693348425
10400,23.55412153552573
10405,24.547561705160877
10410,25.047682766407544
10415,25.935143193668246
10420,26.816625984161885
10425,27.908404397329697
10430,29.179018112481135
10435,29.81686257924145
10440,30.328613510800363
10445,30.42625060598622
10450,29.8446349240124
10455,29.610932589634388
10460,29.3284562488249
10465,28.638756086375498
10470,28.202249532824663
10475,27.34522726154203
10480,26.19341175530186
10485,26.01450216764916
10490,26.078583436118794
10495,25.982296004960006
10500,25.677882733675926
10505,25.515329043715614
10510,25.66272873776137
10515,25.864444475033473
10520,24.985074503033495
10525,24.766354384270098
10530,24.983981378853667
10535,24.789972453311883
10540,23.76269019578701
10545,23.281760261386907
10550,23.011065138330743
10555,22.65119236506007
10560,21.995685293066536
10565,22.01390165398829
10570,22.69806785174388
10575,23.29842525683273
10580,23.17324947542675
10585,23.158526682698415
10590,23.311629194477312
10595,23.27690148758072
10600,23.0189503610059
10605,22.57746223129835
10610,22.92374229780126
10615,22.290595352962978
10620,21.06612189047383
10625,19.449549315434865
10630,18.79320055554542
10635,18.238070473920487
10640,17.78634622135906
10645,17.20971985580591
10650,17.10450732550696
10655,17.040254178062735
10660,16.493286618486856
10665,16.33307256953344
10670,16.589756938447685
10675,17.555414727796546
10680,17.34690033111191
10685,17.944568202482436
10690,18.18220886968981
10695,18.597107528284
10700,18.981716582675762
10705,19.788406117603046
10710,20.448968941350667
10715,21.21284890443095
10720,21.76951163427636
10725,21.703055325820863
10730,22.412363271416456
10735,21.85891424480837
10740,21.776295944310682
10745,21.766621537325655
10750,21.9143134673074
10755,22.16722353678998
10760,22.18795884441093
10765,22.809911349307477
10770,24.224364280886967
10775,25.413105259785624
10780,26.847597939829246
10785,29.019355807862233
10790,31.22360389575335
10795,33.459067662026335
10800,35.049990950623446
10805,36.1569470112636
10810,37.29410943405931
10815,37.3075006996698
10820,36.8613774270612
10825,36.93101941635978
10830,36.66473700287727
10835,35.5394909875689
10840,34.1468512574526
10845,32.49322536715242
10850,31.347863696894063
10855,30.24845452065842
10860,28.919506612888984
10865,28.02382759327802
10870,27.294820578574473
10875,27.007730332520396
10880,27.065758699432177
10885,27.343416169147805
10890,28.467901989568567
10895,29.44071111263156
10900,30.115622537461928
10905,30.586509372896394
10910,31.596838419384937
10915,32.23857331189599
10920,32.392183699691444
10925,31.54136987165254
10930,30.59640109716123
10935,29.932354723504925
10940,28.31248690455093
10945,27.064253602485877
10950,25.61098854827125
10955,24.89750750960145
10960,24.181792154783764
10965,24.007268183350384
10970,24.143473422350684
10975,24.68740356086014
10980,25.034384995315527
10985,25.185007155239116
10990,25.715269530152312
10995,26.945099116450177
11000,27.541919523345154
11005,27.949633376163195
11010,28.108693475474382
11015,28.2569202831408
11020,28.308865018431828
11025,28.362609234863022
11030,29.180439085662165
11035,30.06660505073574
11040,31.20919246716369
11045,31.628695083829076
11050,33.193164298594375
11055,34.023895527019285
11060,36.138420167133255
11065,38.41627376400689
11070,40.373960620524585
11075,42.2835953362384
11080,43.43629424575918
11085,44.318767798263806
11090,44.82469114672398
11095,45.20300825025576
11100,45.530949551447826
11105,46.222250612514095
11110,44.983539725092164
11115,43.88055047775132
11120,42.67649294012237
11125,42.34988938052267
11130,41.59525259159654
11135,41.72975199350383
11140,41.67654557920961
11145,42.03450607301418
11150,42.5808588883355
11155,43.640071485444665
11160,46.29229069603928
11165,48.1744616277617
11170,51.27016220481723
11175,53.484986052734634
11180,56.32833927093229
11185,58.40684166957935
11190,60.384664385267726
11195,62.09917272399498
11200,63.61805510347974
11205,64.17017239586467
11210,63.897785369523056
11215,63.73295671253394
11220,63.23191821987058
11225,62.45354226431657
11230,61.01236312901077
11235,59.97428470981173
11240,59.584483628301655
11245,59.86362245834401
11250,59.780480722161215
11255,60.688061038224944
11260,61.6149999079386
11265,63.215724390856316
11270,64.92596310566242
11275,67.08174856036449
11280,69.90822480942244
11285,72.74163742236304
11290,75.45190923031839
11295,76.79398480962473
11300,78.23309755333617
11305,78.7204724002028
11310,79.61192362455208
11315,79.89817067035213
11320,79.43864389997887
11325,79.1760552378486
11330,78.30784038894285
11335,77.01587251064039
11340,75.20494815261813
11345,73.95423246621337
11350,72.51235269091245
11355,71.15266014284825
11360,69.5583122137323
11365,67.79487099778954
11370,65.81867899185866
11375,63.444726649793566
11380,60.81393169499912
11385,58.30606128644315
11390,55.832112399943334
11395,53.467316179172485
11400,51.231949573362705
11405,49.46611199148495
11410,47.55214985756743
11415,46.00726797765445
11420,44.84781031075281
11425,43.267170865708486
11430,41.984616748534904
11435,40.96900221523813
11440,40.42979533965427
11445,39.123583335426005
11450,37.974428979055254
11455,36.90073324626355
11460,35.61102566359749
11465,33.73469445781256
11470,31.74400846473285
11475,30.61057814762542
11480,29.17750188690902
11485,27.207636652710455
11490,24.8114510130685
11495,23.49754378645198
11500,22.58025079496735
11505,20.735338360168104
11510,19.9277441050542
11515,18.961172029720558
11520,18.607588947439595
11525,17.56745175509696
11530,16.963676119446962
11535,16.879686692988226
11540,17.24682955567387
11545,17.303264822134864
11550,17.238694818100313
11555,18.18944826909862
11560,18.409169793674938
11565,19.080769456742342
11570,18.94420738007264
11575,19.423186719109992
11580,19.646931130472712
11585,20.170262132570667
11590,19.258707104388996
11595,18.97724503816955
11600,18.279954095143374
11605,16.91659941674446
11610,15.983924359662543
11615,14.969476566101568
11620,14.277667264875737
11625,13.604429993322134
11630,13.129653920747097
11635,11.99441209972737
11640,11.944249563218671
11645,10.972133476431539
11650,10.299799928574473
11655,9.768420350282128
11660,8.830685145295062
11665,8.203919904363811
11670,8.005305714835245
11675,7.384260739984176
11680,7.1184077749730665
11685,6.875512524865547
11690,6.886099372448362
11695,7.233524006498477
11700,7.4794543892638
11705,8.150611611134089
11710,8.683261745845167
11715,9.465118839961146
11720,9.643184266815311
11725,10.380594660626663
11730,10.939057924978503
11735,11.682472980677558
11740,12.243441788309806
11745,13.224853845216211
11750,14.177270374679631
11755,14.603706220106508
11760,15.563747698807106
11765,15.970122132522864
11770,17.023073640959563
11775,17.935743605013602
11780,18.946373245617526
11785,19.733625319845682
11790,21.439369996739
11795,22.44458237456797
11800,22.951143721702262
11805,23.84265662632069
11810,24.69737056520289
11815,25.855227979712346
11820,26.211600571658504
11825,27.37521374358277
11830,28.644122705715386
11835,30.253532929074982
11840,31.12760550968349
11845,32.2367224776346
